filename,조합명,조합의 촬영 순서
Jonghyeon_manA_mana_30.jpg,manA_mana,
Jonghyeon_manA_mana_60.jpg,manA_mana,
Jonghyeon_manA_mana_90.jpg,manA_mana,
Jonghyeon_manA_mana_120.jpg,manA_mana,
Jonghyeon_manA_mana_150.jpg,manA_mana,
Jonghyeon_manA_manb_30.jpg,manA_manb,
Jonghyeon_manA_manb_60.jpg,manA_manb,
Jonghyeon_manA_manb_90.jpg,manA_manb,
Jonghyeon_manA_manb_120.jpg,manA_manb,
Jonghyeon_manA_manb_150.jpg,manA_manb,
Jonghyeon_manA_manc_30.jpg,manA_manc,
Jonghyeon_manA_manc_60.jpg,manA_manc,
Jonghyeon_manA_manc_90.jpg,manA_manc,
Jonghyeon_manA_manc_120.jpg,manA_manc,
Jonghyeon_manA_manc_150.jpg,manA_manc,
Jonghyeon_manA_mand_30.jpg,manA_mand,
Jonghyeon_manA_mand_60.jpg,manA_mand,
Jonghyeon_manA_mand_90.jpg,manA_mand,
Jonghyeon_manA_mand_120.jpg,manA_mand,
Jonghyeon_manA_mand_150.jpg,manA_mand,
Jonghyeon_manA_mane_30.jpg,manA_mane,
Jonghyeon_manA_mane_60.jpg,manA_mane,
Jonghyeon_manA_mane_90.jpg,manA_mane,
Jonghyeon_manA_mane_120.jpg,manA_mane,
Jonghyeon_manA_mane_150.jpg,manA_mane,
Jonghyeon_manA_manf_30.jpg,manA_manf,
Jonghyeon_manA_manf_60.jpg,manA_manf,
Jonghyeon_manA_manf_90.jpg,manA_manf,
Jonghyeon_manA_manf_120.jpg,manA_manf,
Jonghyeon_manA_manf_150.jpg,manA_manf,
Jonghyeon_manA_mang_30.jpg,manA_mang,
Jonghyeon_manA_mang_60.jpg,manA_mang,
Jonghyeon_manA_mang_90.jpg,manA_mang,
Jonghyeon_manA_mang_120.jpg,manA_mang,
Jonghyeon_manA_mang_150.jpg,manA_mang,
Jonghyeon_manA_manh_30.jpg,manA_manh,
Jonghyeon_manA_manh_60.jpg,manA_manh,
Jonghyeon_manA_manh_90.jpg,manA_manh,
Jonghyeon_manA_manh_120.jpg,manA_manh,
Jonghyeon_manA_manh_150.jpg,manA_manh,
Jonghyeon_manA_mani_30.jpg,manA_mani,
Jonghyeon_manA_mani_60.jpg,manA_mani,
Jonghyeon_manA_mani_90.jpg,manA_mani,
Jonghyeon_manA_mani_120.jpg,manA_mani,
Jonghyeon_manA_mani_150.jpg,manA_mani,
Jonghyeon_manB_mana_30.jpg,manB_mana,
Jonghyeon_manB_mana_60.jpg,manB_mana,
Jonghyeon_manB_mana_90.jpg,manB_mana,
Jonghyeon_manB_mana_120.jpg,manB_mana,
Jonghyeon_manB_mana_150.jpg,manB_mana,
Jonghyeon_manB_manb_30.jpg,manB_manb,
Jonghyeon_manB_manb_60.jpg,manB_manb,
Jonghyeon_manB_manb_90.jpg,manB_manb,
Jonghyeon_manB_manb_120.jpg,manB_manb,
Jonghyeon_manB_manb_150.jpg,manB_manb,
Jonghyeon_manB_manc_30.jpg,manB_manc,
Jonghyeon_manB_manc_60.jpg,manB_manc,
Jonghyeon_manB_manc_90.jpg,manB_manc,
Jonghyeon_manB_manc_120.jpg,manB_manc,
Jonghyeon_manB_manc_150.jpg,manB_manc,
Jonghyeon_manB_mand_30.jpg,manB_mand,
Jonghyeon_manB_mand_60.jpg,manB_mand,
Jonghyeon_manB_mand_90.jpg,manB_mand,
Jonghyeon_manB_mand_120.jpg,manB_mand,
Jonghyeon_manB_mand_150.jpg,manB_mand,
Jonghyeon_manB_mane_30.jpg,manB_mane,
Jonghyeon_manB_mane_60.jpg,manB_mane,
Jonghyeon_manB_mane_90.jpg,manB_mane,
Jonghyeon_manB_mane_120.jpg,manB_mane,
Jonghyeon_manB_mane_150.jpg,manB_mane,
Jonghyeon_manB_manf_30.jpg,manB_manf,
Jonghyeon_manB_manf_60.jpg,manB_manf,
Jonghyeon_manB_manf_90.jpg,manB_manf,
Jonghyeon_manB_manf_120.jpg,manB_manf,
Jonghyeon_manB_manf_150.jpg,manB_manf,
Jonghyeon_manB_mang_30.jpg,manB_mang,
Jonghyeon_manB_mang_60.jpg,manB_mang,
Jonghyeon_manB_mang_90.jpg,manB_mang,
Jonghyeon_manB_mang_120.jpg,manB_mang,
Jonghyeon_manB_mang_150.jpg,manB_mang,
Jonghyeon_manB_manh_30.jpg,manB_manh,
Jonghyeon_manB_manh_60.jpg,manB_manh,
Jonghyeon_manB_manh_90.jpg,manB_manh,
Jonghyeon_manB_manh_120.jpg,manB_manh,
Jonghyeon_manB_manh_150.jpg,manB_manh,
Jonghyeon_manB_mani_30.jpg,manB_mani,
Jonghyeon_manB_mani_60.jpg,manB_mani,
Jonghyeon_manB_mani_90.jpg,manB_mani,
Jonghyeon_manB_mani_120.jpg,manB_mani,
Jonghyeon_manB_mani_150.jpg,manB_mani,
Jonghyeon_manC_mana_30.jpg,manC_mana,
Jonghyeon_manC_mana_60.jpg,manC_mana,
Jonghyeon_manC_mana_90.jpg,manC_mana,
Jonghyeon_manC_mana_120.jpg,manC_mana,
Jonghyeon_manC_mana_150.jpg,manC_mana,
Jonghyeon_manC_manb_30.jpg,manC_manb,
Jonghyeon_manC_manb_60.jpg,manC_manb,
Jonghyeon_manC_manb_90.jpg,manC_manb,
Jonghyeon_manC_manb_120.jpg,manC_manb,
Jonghyeon_manC_manb_150.jpg,manC_manb,
Jonghyeon_manC_manc_30.jpg,manC_manc,
Jonghyeon_manC_manc_60.jpg,manC_manc,
Jonghyeon_manC_manc_90.jpg,manC_manc,
Jonghyeon_manC_manc_120.jpg,manC_manc,
Jonghyeon_manC_manc_150.jpg,manC_manc,
Jonghyeon_manC_mand_30.jpg,manC_mand,
Jonghyeon_manC_mand_60.jpg,manC_mand,
Jonghyeon_manC_mand_90.jpg,manC_mand,
Jonghyeon_manC_mand_120.jpg,manC_mand,
Jonghyeon_manC_mand_150.jpg,manC_mand,
Jonghyeon_manC_mane_30.jpg,manC_mane,
Jonghyeon_manC_mane_60.jpg,manC_mane,
Jonghyeon_manC_mane_90.jpg,manC_mane,
Jonghyeon_manC_mane_120.jpg,manC_mane,
Jonghyeon_manC_mane_150.jpg,manC_mane,
Jonghyeon_manC_manf_30.jpg,manC_manf,
Jonghyeon_manC_manf_60.jpg,manC_manf,
Jonghyeon_manC_manf_90.jpg,manC_manf,
Jonghyeon_manC_manf_120.jpg,manC_manf,
Jonghyeon_manC_manf_150.jpg,manC_manf,
Jonghyeon_manC_mang_30.jpg,manC_mang,
Jonghyeon_manC_mang_60.jpg,manC_mang,
Jonghyeon_manC_mang_90.jpg,manC_mang,
Jonghyeon_manC_mang_120.jpg,manC_mang,
Jonghyeon_manC_mang_150.jpg,manC_mang,
Jonghyeon_manC_manh_30.jpg,manC_manh,
Jonghyeon_manC_manh_60.jpg,manC_manh,
Jonghyeon_manC_manh_90.jpg,manC_manh,
Jonghyeon_manC_manh_120.jpg,manC_manh,
Jonghyeon_manC_manh_150.jpg,manC_manh,
Jonghyeon_manC_mani_30.jpg,manC_mani,
Jonghyeon_manC_mani_60.jpg,manC_mani,
Jonghyeon_manC_mani_90.jpg,manC_mani,
Jonghyeon_manC_mani_120.jpg,manC_mani,
Jonghyeon_manC_mani_150.jpg,manC_mani,
Jonghyeon_manD_mana_30.jpg,manD_mana,
Jonghyeon_manD_mana_60.jpg,manD_mana,
Jonghyeon_manD_mana_90.jpg,manD_mana,
Jonghyeon_manD_mana_120.jpg,manD_mana,
Jonghyeon_manD_mana_150.jpg,manD_mana,
Jonghyeon_manD_manb_30.jpg,manD_manb,
Jonghyeon_manD_manb_60.jpg,manD_manb,
Jonghyeon_manD_manb_90.jpg,manD_manb,
Jonghyeon_manD_manb_120.jpg,manD_manb,
Jonghyeon_manD_manb_150.jpg,manD_manb,
Jonghyeon_manD_manc_30.jpg,manD_manc,
Jonghyeon_manD_manc_60.jpg,manD_manc,
Jonghyeon_manD_manc_90.jpg,manD_manc,
Jonghyeon_manD_manc_120.jpg,manD_manc,
Jonghyeon_manD_manc_150.jpg,manD_manc,
Jonghyeon_manD_mand_30.jpg,manD_mand,
Jonghyeon_manD_mand_60.jpg,manD_mand,
Jonghyeon_manD_mand_90.jpg,manD_mand,
Jonghyeon_manD_mand_120.jpg,manD_mand,
Jonghyeon_manD_mand_150.jpg,manD_mand,
Jonghyeon_manD_mane_30.jpg,manD_mane,
Jonghyeon_manD_mane_60.jpg,manD_mane,
Jonghyeon_manD_mane_90.jpg,manD_mane,
Jonghyeon_manD_mane_120.jpg,manD_mane,
Jonghyeon_manD_mane_150.jpg,manD_mane,
Jonghyeon_manD_manf_30.jpg,manD_manf,
Jonghyeon_manD_manf_60.jpg,manD_manf,
Jonghyeon_manD_manf_90.jpg,manD_manf,
Jonghyeon_manD_manf_120.jpg,manD_manf,
Jonghyeon_manD_manf_150.jpg,manD_manf,
Jonghyeon_manD_mang_30.jpg,manD_mang,
Jonghyeon_manD_mang_60.jpg,manD_mang,
Jonghyeon_manD_mang_90.jpg,manD_mang,
Jonghyeon_manD_mang_120.jpg,manD_mang,
Jonghyeon_manD_mang_150.jpg,manD_mang,
Jonghyeon_manD_manh_30.jpg,manD_manh,
Jonghyeon_manD_manh_60.jpg,manD_manh,
Jonghyeon_manD_manh_90.jpg,manD_manh,
Jonghyeon_manD_manh_120.jpg,manD_manh,
Jonghyeon_manD_manh_150.jpg,manD_manh,
Jonghyeon_manD_mani_30.jpg,manD_mani,
Jonghyeon_manD_mani_60.jpg,manD_mani,
Jonghyeon_manD_mani_90.jpg,manD_mani,
Jonghyeon_manD_mani_120.jpg,manD_mani,
Jonghyeon_manD_mani_150.jpg,manD_mani,
Jonghyeon_manE_mana_30.jpg,manE_mana,
Jonghyeon_manE_mana_60.jpg,manE_mana,
Jonghyeon_manE_mana_90.jpg,manE_mana,
Jonghyeon_manE_mana_120.jpg,manE_mana,
Jonghyeon_manE_mana_150.jpg,manE_mana,
Jonghyeon_manE_manb_30.jpg,manE_manb,
Jonghyeon_manE_manb_60.jpg,manE_manb,
Jonghyeon_manE_manb_90.jpg,manE_manb,
Jonghyeon_manE_manb_120.jpg,manE_manb,
Jonghyeon_manE_manb_150.jpg,manE_manb,
Jonghyeon_manE_manc_30.jpg,manE_manc,
Jonghyeon_manE_manc_60.jpg,manE_manc,
Jonghyeon_manE_manc_90.jpg,manE_manc,
Jonghyeon_manE_manc_120.jpg,manE_manc,
Jonghyeon_manE_manc_150.jpg,manE_manc,
Jonghyeon_manE_mand_30.jpg,manE_mand,
Jonghyeon_manE_mand_60.jpg,manE_mand,
Jonghyeon_manE_mand_90.jpg,manE_mand,
Jonghyeon_manE_mand_120.jpg,manE_mand,
Jonghyeon_manE_mand_150.jpg,manE_mand,
Jonghyeon_manE_mane_30.jpg,manE_mane,
Jonghyeon_manE_mane_60.jpg,manE_mane,
Jonghyeon_manE_mane_90.jpg,manE_mane,
Jonghyeon_manE_mane_120.jpg,manE_mane,
Jonghyeon_manE_mane_150.jpg,manE_mane,
Jonghyeon_manE_manf_30.jpg,manE_manf,
Jonghyeon_manE_manf_60.jpg,manE_manf,
Jonghyeon_manE_manf_90.jpg,manE_manf,
Jonghyeon_manE_manf_120.jpg,manE_manf,
Jonghyeon_manE_manf_150.jpg,manE_manf,
Jonghyeon_manE_mang_30.jpg,manE_mang,
Jonghyeon_manE_mang_60.jpg,manE_mang,
Jonghyeon_manE_mang_90.jpg,manE_mang,
Jonghyeon_manE_mang_120.jpg,manE_mang,
Jonghyeon_manE_mang_150.jpg,manE_mang,
Jonghyeon_manE_manh_30.jpg,manE_manh,
Jonghyeon_manE_manh_60.jpg,manE_manh,
Jonghyeon_manE_manh_90.jpg,manE_manh,
Jonghyeon_manE_manh_120.jpg,manE_manh,
Jonghyeon_manE_manh_150.jpg,manE_manh,
Jonghyeon_manE_mani_30.jpg,manE_mani,
Jonghyeon_manE_mani_60.jpg,manE_mani,
Jonghyeon_manE_mani_90.jpg,manE_mani,
Jonghyeon_manE_mani_120.jpg,manE_mani,
Jonghyeon_manE_mani_150.jpg,manE_mani,
Jonghyeon_manF_mana_30.jpg,manF_mana,
Jonghyeon_manF_mana_60.jpg,manF_mana,
Jonghyeon_manF_mana_90.jpg,manF_mana,
Jonghyeon_manF_mana_120.jpg,manF_mana,
Jonghyeon_manF_mana_150.jpg,manF_mana,
Jonghyeon_manF_manb_30.jpg,manF_manb,
Jonghyeon_manF_manb_60.jpg,manF_manb,
Jonghyeon_manF_manb_90.jpg,manF_manb,
Jonghyeon_manF_manb_120.jpg,manF_manb,
Jonghyeon_manF_manb_150.jpg,manF_manb,
Jonghyeon_manF_manc_30.jpg,manF_manc,
Jonghyeon_manF_manc_60.jpg,manF_manc,
Jonghyeon_manF_manc_90.jpg,manF_manc,
Jonghyeon_manF_manc_120.jpg,manF_manc,
Jonghyeon_manF_manc_150.jpg,manF_manc,
Jonghyeon_manF_mand_30.jpg,manF_mand,
Jonghyeon_manF_mand_60.jpg,manF_mand,
Jonghyeon_manF_mand_90.jpg,manF_mand,
Jonghyeon_manF_mand_120.jpg,manF_mand,
Jonghyeon_manF_mand_150.jpg,manF_mand,
Jonghyeon_manF_mane_30.jpg,manF_mane,
Jonghyeon_manF_mane_60.jpg,manF_mane,
Jonghyeon_manF_mane_90.jpg,manF_mane,
Jonghyeon_manF_mane_120.jpg,manF_mane,
Jonghyeon_manF_mane_150.jpg,manF_mane,
Jonghyeon_manF_manf_30.jpg,manF_manf,
Jonghyeon_manF_manf_60.jpg,manF_manf,
Jonghyeon_manF_manf_90.jpg,manF_manf,
Jonghyeon_manF_manf_120.jpg,manF_manf,
Jonghyeon_manF_manf_150.jpg,manF_manf,
Jonghyeon_manF_mang_30.jpg,manF_mang,
Jonghyeon_manF_mang_60.jpg,manF_mang,
Jonghyeon_manF_mang_90.jpg,manF_mang,
Jonghyeon_manF_mang_120.jpg,manF_mang,
Jonghyeon_manF_mang_150.jpg,manF_mang,
Jonghyeon_manF_manh_30.jpg,manF_manh,
Jonghyeon_manF_manh_60.jpg,manF_manh,
Jonghyeon_manF_manh_90.jpg,manF_manh,
Jonghyeon_manF_manh_120.jpg,manF_manh,
Jonghyeon_manF_manh_150.jpg,manF_manh,
Jonghyeon_manF_mani_30.jpg,manF_mani,
Jonghyeon_manF_mani_60.jpg,manF_mani,
Jonghyeon_manF_mani_90.jpg,manF_mani,
Jonghyeon_manF_mani_120.jpg,manF_mani,
Jonghyeon_manF_mani_150.jpg,manF_mani,
Jonghyeon_manG_mana_30.jpg,manG_mana,
Jonghyeon_manG_mana_60.jpg,manG_mana,
Jonghyeon_manG_mana_90.jpg,manG_mana,
Jonghyeon_manG_mana_120.jpg,manG_mana,
Jonghyeon_manG_mana_150.jpg,manG_mana,
Jonghyeon_manG_manb_30.jpg,manG_manb,
Jonghyeon_manG_manb_60.jpg,manG_manb,
Jonghyeon_manG_manb_90.jpg,manG_manb,
Jonghyeon_manG_manb_120.jpg,manG_manb,
Jonghyeon_manG_manb_150.jpg,manG_manb,
Jonghyeon_manG_manc_30.jpg,manG_manc,
Jonghyeon_manG_manc_60.jpg,manG_manc,
Jonghyeon_manG_manc_90.jpg,manG_manc,
Jonghyeon_manG_manc_120.jpg,manG_manc,
Jonghyeon_manG_manc_150.jpg,manG_manc,
Jonghyeon_manG_mand_30.jpg,manG_mand,
Jonghyeon_manG_mand_60.jpg,manG_mand,
Jonghyeon_manG_mand_90.jpg,manG_mand,
Jonghyeon_manG_mand_120.jpg,manG_mand,
Jonghyeon_manG_mand_150.jpg,manG_mand,
Jonghyeon_manG_mane_30.jpg,manG_mane,
Jonghyeon_manG_mane_60.jpg,manG_mane,
Jonghyeon_manG_mane_90.jpg,manG_mane,
Jonghyeon_manG_mane_120.jpg,manG_mane,
Jonghyeon_manG_mane_150.jpg,manG_mane,
Jonghyeon_manG_manf_30.jpg,manG_manf,
Jonghyeon_manG_manf_60.jpg,manG_manf,
Jonghyeon_manG_manf_90.jpg,manG_manf,
Jonghyeon_manG_manf_120.jpg,manG_manf,
Jonghyeon_manG_manf_150.jpg,manG_manf,
Jonghyeon_manG_mang_30.jpg,manG_mang,
Jonghyeon_manG_mang_60.jpg,manG_mang,
Jonghyeon_manG_mang_90.jpg,manG_mang,
Jonghyeon_manG_mang_120.jpg,manG_mang,
Jonghyeon_manG_mang_150.jpg,manG_mang,
Jonghyeon_manG_manh_30.jpg,manG_manh,
Jonghyeon_manG_manh_60.jpg,manG_manh,
Jonghyeon_manG_manh_90.jpg,manG_manh,
Jonghyeon_manG_manh_120.jpg,manG_manh,
Jonghyeon_manG_manh_150.jpg,manG_manh,
Jonghyeon_manG_mani_30.jpg,manG_mani,
Jonghyeon_manG_mani_60.jpg,manG_mani,
Jonghyeon_manG_mani_90.jpg,manG_mani,
Jonghyeon_manG_mani_120.jpg,manG_mani,
Jonghyeon_manG_mani_150.jpg,manG_mani,
Jonghyeon_manH_mana_30.jpg,manH_mana,
Jonghyeon_manH_mana_60.jpg,manH_mana,
Jonghyeon_manH_mana_90.jpg,manH_mana,
Jonghyeon_manH_mana_120.jpg,manH_mana,
Jonghyeon_manH_mana_150.jpg,manH_mana,
Jonghyeon_manH_manb_30.jpg,manH_manb,
Jonghyeon_manH_manb_60.jpg,manH_manb,
Jonghyeon_manH_manb_90.jpg,manH_manb,
Jonghyeon_manH_manb_120.jpg,manH_manb,
Jonghyeon_manH_manb_150.jpg,manH_manb,
Jonghyeon_manH_manc_30.jpg,manH_manc,
Jonghyeon_manH_manc_60.jpg,manH_manc,
Jonghyeon_manH_manc_90.jpg,manH_manc,
Jonghyeon_manH_manc_120.jpg,manH_manc,
Jonghyeon_manH_manc_150.jpg,manH_manc,
Jonghyeon_manH_mand_30.jpg,manH_mand,
Jonghyeon_manH_mand_60.jpg,manH_mand,
Jonghyeon_manH_mand_90.jpg,manH_mand,
Jonghyeon_manH_mand_120.jpg,manH_mand,
Jonghyeon_manH_mand_150.jpg,manH_mand,
Jonghyeon_manH_mane_30.jpg,manH_mane,
Jonghyeon_manH_mane_60.jpg,manH_mane,
Jonghyeon_manH_mane_90.jpg,manH_mane,
Jonghyeon_manH_mane_120.jpg,manH_mane,
Jonghyeon_manH_mane_150.jpg,manH_mane,
Jonghyeon_manH_manf_30.jpg,manH_manf,
Jonghyeon_manH_manf_60.jpg,manH_manf,
Jonghyeon_manH_manf_90.jpg,manH_manf,
Jonghyeon_manH_manf_120.jpg,manH_manf,
Jonghyeon_manH_manf_150.jpg,manH_manf,
Jonghyeon_manH_mang_30.jpg,manH_mang,
Jonghyeon_manH_mang_60.jpg,manH_mang,
Jonghyeon_manH_mang_90.jpg,manH_mang,
Jonghyeon_manH_mang_120.jpg,manH_mang,
Jonghyeon_manH_mang_150.jpg,manH_mang,
Jonghyeon_manH_manh_30.jpg,manH_manh,
Jonghyeon_manH_manh_60.jpg,manH_manh,
Jonghyeon_manH_manh_90.jpg,manH_manh,
Jonghyeon_manH_manh_120.jpg,manH_manh,
Jonghyeon_manH_manh_150.jpg,manH_manh,
Jonghyeon_manH_mani_30.jpg,manH_mani,
Jonghyeon_manH_mani_60.jpg,manH_mani,
Jonghyeon_manH_mani_90.jpg,manH_mani,
Jonghyeon_manH_mani_120.jpg,manH_mani,
Jonghyeon_manH_mani_150.jpg,manH_mani,
Jonghyeon_manI_mana_30.jpg,manI_mana,
Jonghyeon_manI_mana_60.jpg,manI_mana,
Jonghyeon_manI_mana_90.jpg,manI_mana,
Jonghyeon_manI_mana_120.jpg,manI_mana,
Jonghyeon_manI_mana_150.jpg,manI_mana,
Jonghyeon_manI_manb_30.jpg,manI_manb,
Jonghyeon_manI_manb_60.jpg,manI_manb,
Jonghyeon_manI_manb_90.jpg,manI_manb,
Jonghyeon_manI_manb_120.jpg,manI_manb,
Jonghyeon_manI_manb_150.jpg,manI_manb,
Jonghyeon_manI_manc_30.jpg,manI_manc,
Jonghyeon_manI_manc_60.jpg,manI_manc,
Jonghyeon_manI_manc_90.jpg,manI_manc,
Jonghyeon_manI_manc_120.jpg,manI_manc,
Jonghyeon_manI_manc_150.jpg,manI_manc,
Jonghyeon_manI_mand_30.jpg,manI_mand,
Jonghyeon_manI_mand_60.jpg,manI_mand,
Jonghyeon_manI_mand_90.jpg,manI_mand,
Jonghyeon_manI_mand_120.jpg,manI_mand,
Jonghyeon_manI_mand_150.jpg,manI_mand,
Jonghyeon_manI_mane_30.jpg,manI_mane,
Jonghyeon_manI_mane_60.jpg,manI_mane,
Jonghyeon_manI_mane_90.jpg,manI_mane,
Jonghyeon_manI_mane_120.jpg,manI_mane,
Jonghyeon_manI_mane_150.jpg,manI_mane,
Jonghyeon_manI_manf_30.jpg,manI_manf,
Jonghyeon_manI_manf_60.jpg,manI_manf,
Jonghyeon_manI_manf_90.jpg,manI_manf,
Jonghyeon_manI_manf_120.jpg,manI_manf,
Jonghyeon_manI_manf_150.jpg,manI_manf,
Jonghyeon_manI_mang_30.jpg,manI_mang,
Jonghyeon_manI_mang_60.jpg,manI_mang,
Jonghyeon_manI_mang_90.jpg,manI_mang,
Jonghyeon_manI_mang_120.jpg,manI_mang,
Jonghyeon_manI_mang_150.jpg,manI_mang,
Jonghyeon_manI_manh_30.jpg,manI_manh,
Jonghyeon_manI_manh_60.jpg,manI_manh,
Jonghyeon_manI_manh_90.jpg,manI_manh,
Jonghyeon_manI_manh_120.jpg,manI_manh,
Jonghyeon_manI_manh_150.jpg,manI_manh,
Jonghyeon_manI_mani_30.jpg,manI_mani,
Jonghyeon_manI_mani_60.jpg,manI_mani,
Jonghyeon_manI_mani_90.jpg,manI_mani,
Jonghyeon_manI_mani_120.jpg,manI_mani,
Jonghyeon_manI_mani_150.jpg,manI_mani,
Seunghyuk_manA_mana_30.jpg,manA_mana,
Seunghyuk_manA_mana_60.jpg,manA_mana,
Seunghyuk_manA_mana_90.jpg,manA_mana,
Seunghyuk_manA_mana_120.jpg,manA_mana,
Seunghyuk_manA_mana_150.jpg,manA_mana,
Seunghyuk_manA_manb_30.jpg,manA_manb,
Seunghyuk_manA_manb_60.jpg,manA_manb,
Seunghyuk_manA_manb_90.jpg,manA_manb,
Seunghyuk_manA_manb_120.jpg,manA_manb,
Seunghyuk_manA_manb_150.jpg,manA_manb,
Seunghyuk_manA_manc_30.jpg,manA_manc,
Seunghyuk_manA_manc_60.jpg,manA_manc,
Seunghyuk_manA_manc_90.jpg,manA_manc,
Seunghyuk_manA_manc_120.jpg,manA_manc,
Seunghyuk_manA_manc_150.jpg,manA_manc,
Seunghyuk_manA_mand_30.jpg,manA_mand,
Seunghyuk_manA_mand_60.jpg,manA_mand,
Seunghyuk_manA_mand_90.jpg,manA_mand,
Seunghyuk_manA_mand_120.jpg,manA_mand,
Seunghyuk_manA_mand_150.jpg,manA_mand,
Seunghyuk_manA_mane_30.jpg,manA_mane,
Seunghyuk_manA_mane_60.jpg,manA_mane,
Seunghyuk_manA_mane_90.jpg,manA_mane,
Seunghyuk_manA_mane_120.jpg,manA_mane,
Seunghyuk_manA_mane_150.jpg,manA_mane,
Seunghyuk_manA_manf_30.jpg,manA_manf,
Seunghyuk_manA_manf_60.jpg,manA_manf,
Seunghyuk_manA_manf_90.jpg,manA_manf,
Seunghyuk_manA_manf_120.jpg,manA_manf,
Seunghyuk_manA_manf_150.jpg,manA_manf,
Seunghyuk_manA_mang_30.jpg,manA_mang,
Seunghyuk_manA_mang_60.jpg,manA_mang,
Seunghyuk_manA_mang_90.jpg,manA_mang,
Seunghyuk_manA_mang_120.jpg,manA_mang,
Seunghyuk_manA_mang_150.jpg,manA_mang,
Seunghyuk_manA_manh_30.jpg,manA_manh,
Seunghyuk_manA_manh_60.jpg,manA_manh,
Seunghyuk_manA_manh_90.jpg,manA_manh,
Seunghyuk_manA_manh_120.jpg,manA_manh,
Seunghyuk_manA_manh_150.jpg,manA_manh,
Seunghyuk_manA_mani_30.jpg,manA_mani,
Seunghyuk_manA_mani_60.jpg,manA_mani,
Seunghyuk_manA_mani_90.jpg,manA_mani,
Seunghyuk_manA_mani_120.jpg,manA_mani,
Seunghyuk_manA_mani_150.jpg,manA_mani,
Seunghyuk_manB_mana_30.jpg,manB_mana,
Seunghyuk_manB_mana_60.jpg,manB_mana,
Seunghyuk_manB_mana_90.jpg,manB_mana,
Seunghyuk_manB_mana_120.jpg,manB_mana,
Seunghyuk_manB_mana_150.jpg,manB_mana,
Seunghyuk_manB_manb_30.jpg,manB_manb,
Seunghyuk_manB_manb_60.jpg,manB_manb,
Seunghyuk_manB_manb_90.jpg,manB_manb,
Seunghyuk_manB_manb_120.jpg,manB_manb,
Seunghyuk_manB_manb_150.jpg,manB_manb,
Seunghyuk_manB_manc_30.jpg,manB_manc,
Seunghyuk_manB_manc_60.jpg,manB_manc,
Seunghyuk_manB_manc_90.jpg,manB_manc,
Seunghyuk_manB_manc_120.jpg,manB_manc,
Seunghyuk_manB_manc_150.jpg,manB_manc,
Seunghyuk_manB_mand_30.jpg,manB_mand,
Seunghyuk_manB_mand_60.jpg,manB_mand,
Seunghyuk_manB_mand_90.jpg,manB_mand,
Seunghyuk_manB_mand_120.jpg,manB_mand,
Seunghyuk_manB_mand_150.jpg,manB_mand,
Seunghyuk_manB_mane_30.jpg,manB_mane,
Seunghyuk_manB_mane_60.jpg,manB_mane,
Seunghyuk_manB_mane_90.jpg,manB_mane,
Seunghyuk_manB_mane_120.jpg,manB_mane,
Seunghyuk_manB_mane_150.jpg,manB_mane,
Seunghyuk_manB_manf_30.jpg,manB_manf,
Seunghyuk_manB_manf_60.jpg,manB_manf,
Seunghyuk_manB_manf_90.jpg,manB_manf,
Seunghyuk_manB_manf_120.jpg,manB_manf,
Seunghyuk_manB_manf_150.jpg,manB_manf,
Seunghyuk_manB_mang_30.jpg,manB_mang,
Seunghyuk_manB_mang_60.jpg,manB_mang,
Seunghyuk_manB_mang_90.jpg,manB_mang,
Seunghyuk_manB_mang_120.jpg,manB_mang,
Seunghyuk_manB_mang_150.jpg,manB_mang,
Seunghyuk_manB_manh_30.jpg,manB_manh,
Seunghyuk_manB_manh_60.jpg,manB_manh,
Seunghyuk_manB_manh_90.jpg,manB_manh,
Seunghyuk_manB_manh_120.jpg,manB_manh,
Seunghyuk_manB_manh_150.jpg,manB_manh,
Seunghyuk_manB_mani_30.jpg,manB_mani,
Seunghyuk_manB_mani_60.jpg,manB_mani,
Seunghyuk_manB_mani_90.jpg,manB_mani,
Seunghyuk_manB_mani_120.jpg,manB_mani,
Seunghyuk_manB_mani_150.jpg,manB_mani,
Seunghyuk_manC_mana_30.jpg,manC_mana,
Seunghyuk_manC_mana_60.jpg,manC_mana,
Seunghyuk_manC_mana_90.jpg,manC_mana,
Seunghyuk_manC_mana_120.jpg,manC_mana,
Seunghyuk_manC_mana_150.jpg,manC_mana,
Seunghyuk_manC_manb_30.jpg,manC_manb,
Seunghyuk_manC_manb_60.jpg,manC_manb,
Seunghyuk_manC_manb_90.jpg,manC_manb,
Seunghyuk_manC_manb_120.jpg,manC_manb,
Seunghyuk_manC_manb_150.jpg,manC_manb,
Seunghyuk_manC_manc_30.jpg,manC_manc,
Seunghyuk_manC_manc_60.jpg,manC_manc,
Seunghyuk_manC_manc_90.jpg,manC_manc,
Seunghyuk_manC_manc_120.jpg,manC_manc,
Seunghyuk_manC_manc_150.jpg,manC_manc,
Seunghyuk_manC_mand_30.jpg,manC_mand,
Seunghyuk_manC_mand_60.jpg,manC_mand,
Seunghyuk_manC_mand_90.jpg,manC_mand,
Seunghyuk_manC_mand_120.jpg,manC_mand,
Seunghyuk_manC_mand_150.jpg,manC_mand,
Seunghyuk_manC_mane_30.jpg,manC_mane,
Seunghyuk_manC_mane_60.jpg,manC_mane,
Seunghyuk_manC_mane_90.jpg,manC_mane,
Seunghyuk_manC_mane_120.jpg,manC_mane,
Seunghyuk_manC_mane_150.jpg,manC_mane,
Seunghyuk_manC_manf_30.jpg,manC_manf,
Seunghyuk_manC_manf_60.jpg,manC_manf,
Seunghyuk_manC_manf_90.jpg,manC_manf,
Seunghyuk_manC_manf_120.jpg,manC_manf,
Seunghyuk_manC_manf_150.jpg,manC_manf,
Seunghyuk_manC_mang_30.jpg,manC_mang,
Seunghyuk_manC_mang_60.jpg,manC_mang,
Seunghyuk_manC_mang_90.jpg,manC_mang,
Seunghyuk_manC_mang_120.jpg,manC_mang,
Seunghyuk_manC_mang_150.jpg,manC_mang,
Seunghyuk_manC_manh_30.jpg,manC_manh,
Seunghyuk_manC_manh_60.jpg,manC_manh,
Seunghyuk_manC_manh_90.jpg,manC_manh,
Seunghyuk_manC_manh_120.jpg,manC_manh,
Seunghyuk_manC_manh_150.jpg,manC_manh,
Seunghyuk_manC_mani_30.jpg,manC_mani,
Seunghyuk_manC_mani_60.jpg,manC_mani,
Seunghyuk_manC_mani_90.jpg,manC_mani,
Seunghyuk_manC_mani_120.jpg,manC_mani,
Seunghyuk_manC_mani_150.jpg,manC_mani,
Seunghyuk_manD_mana_30.jpg,manD_mana,
Seunghyuk_manD_mana_60.jpg,manD_mana,
Seunghyuk_manD_mana_90.jpg,manD_mana,
Seunghyuk_manD_mana_120.jpg,manD_mana,
Seunghyuk_manD_mana_150.jpg,manD_mana,
Seunghyuk_manD_manb_30.jpg,manD_manb,
Seunghyuk_manD_manb_60.jpg,manD_manb,
Seunghyuk_manD_manb_90.jpg,manD_manb,
Seunghyuk_manD_manb_120.jpg,manD_manb,
Seunghyuk_manD_manb_150.jpg,manD_manb,
Seunghyuk_manD_manc_30.jpg,manD_manc,
Seunghyuk_manD_manc_60.jpg,manD_manc,
Seunghyuk_manD_manc_90.jpg,manD_manc,
Seunghyuk_manD_manc_120.jpg,manD_manc,
Seunghyuk_manD_manc_150.jpg,manD_manc,
Seunghyuk_manD_mand_30.jpg,manD_mand,
Seunghyuk_manD_mand_60.jpg,manD_mand,
Seunghyuk_manD_mand_90.jpg,manD_mand,
Seunghyuk_manD_mand_120.jpg,manD_mand,
Seunghyuk_manD_mand_150.jpg,manD_mand,
Seunghyuk_manD_mane_30.jpg,manD_mane,
Seunghyuk_manD_mane_60.jpg,manD_mane,
Seunghyuk_manD_mane_90.jpg,manD_mane,
Seunghyuk_manD_mane_120.jpg,manD_mane,
Seunghyuk_manD_mane_150.jpg,manD_mane,
Seunghyuk_manD_manf_30.jpg,manD_manf,
Seunghyuk_manD_manf_60.jpg,manD_manf,
Seunghyuk_manD_manf_90.jpg,manD_manf,
Seunghyuk_manD_manf_120.jpg,manD_manf,
Seunghyuk_manD_manf_150.jpg,manD_manf,
Seunghyuk_manD_mang_30.jpg,manD_mang,
Seunghyuk_manD_mang_60.jpg,manD_mang,
Seunghyuk_manD_mang_90.jpg,manD_mang,
Seunghyuk_manD_mang_120.jpg,manD_mang,
Seunghyuk_manD_mang_150.jpg,manD_mang,
Seunghyuk_manD_manh_30.jpg,manD_manh,
Seunghyuk_manD_manh_60.jpg,manD_manh,
Seunghyuk_manD_manh_90.jpg,manD_manh,
Seunghyuk_manD_manh_120.jpg,manD_manh,
Seunghyuk_manD_manh_150.jpg,manD_manh,
Seunghyuk_manD_mani_30.jpg,manD_mani,
Seunghyuk_manD_mani_60.jpg,manD_mani,
Seunghyuk_manD_mani_90.jpg,manD_mani,
Seunghyuk_manD_mani_120.jpg,manD_mani,
Seunghyuk_manD_mani_150.jpg,manD_mani,
Seunghyuk_manE_mana_30.jpg,manE_mana,
Seunghyuk_manE_mana_60.jpg,manE_mana,
Seunghyuk_manE_mana_90.jpg,manE_mana,
Seunghyuk_manE_mana_120.jpg,manE_mana,
Seunghyuk_manE_mana_150.jpg,manE_mana,
Seunghyuk_manE_manb_30.jpg,manE_manb,
Seunghyuk_manE_manb_60.jpg,manE_manb,
Seunghyuk_manE_manb_90.jpg,manE_manb,
Seunghyuk_manE_manb_120.jpg,manE_manb,
Seunghyuk_manE_manb_150.jpg,manE_manb,
Seunghyuk_manE_manc_30.jpg,manE_manc,
Seunghyuk_manE_manc_60.jpg,manE_manc,
Seunghyuk_manE_manc_90.jpg,manE_manc,
Seunghyuk_manE_manc_120.jpg,manE_manc,
Seunghyuk_manE_manc_150.jpg,manE_manc,
Seunghyuk_manE_mand_30.jpg,manE_mand,
Seunghyuk_manE_mand_60.jpg,manE_mand,
Seunghyuk_manE_mand_90.jpg,manE_mand,
Seunghyuk_manE_mand_120.jpg,manE_mand,
Seunghyuk_manE_mand_150.jpg,manE_mand,
Seunghyuk_manE_mane_30.jpg,manE_mane,
Seunghyuk_manE_mane_60.jpg,manE_mane,
Seunghyuk_manE_mane_90.jpg,manE_mane,
Seunghyuk_manE_mane_120.jpg,manE_mane,
Seunghyuk_manE_mane_150.jpg,manE_mane,
Seunghyuk_manE_manf_30.jpg,manE_manf,
Seunghyuk_manE_manf_60.jpg,manE_manf,
Seunghyuk_manE_manf_90.jpg,manE_manf,
Seunghyuk_manE_manf_120.jpg,manE_manf,
Seunghyuk_manE_manf_150.jpg,manE_manf,
Seunghyuk_manE_mang_30.jpg,manE_mang,
Seunghyuk_manE_mang_60.jpg,manE_mang,
Seunghyuk_manE_mang_90.jpg,manE_mang,
Seunghyuk_manE_mang_120.jpg,manE_mang,
Seunghyuk_manE_mang_150.jpg,manE_mang,
Seunghyuk_manE_manh_30.jpg,manE_manh,
Seunghyuk_manE_manh_60.jpg,manE_manh,
Seunghyuk_manE_manh_90.jpg,manE_manh,
Seunghyuk_manE_manh_120.jpg,manE_manh,
Seunghyuk_manE_manh_150.jpg,manE_manh,
Seunghyuk_manE_mani_30.jpg,manE_mani,
Seunghyuk_manE_mani_60.jpg,manE_mani,
Seunghyuk_manE_mani_90.jpg,manE_mani,
Seunghyuk_manE_mani_120.jpg,manE_mani,
Seunghyuk_manE_mani_150.jpg,manE_mani,
Seunghyuk_manF_mana_30.jpg,manF_mana,
Seunghyuk_manF_mana_60.jpg,manF_mana,
Seunghyuk_manF_mana_90.jpg,manF_mana,
Seunghyuk_manF_mana_120.jpg,manF_mana,
Seunghyuk_manF_mana_150.jpg,manF_mana,
Seunghyuk_manF_manb_30.jpg,manF_manb,
Seunghyuk_manF_manb_60.jpg,manF_manb,
Seunghyuk_manF_manb_90.jpg,manF_manb,
Seunghyuk_manF_manb_120.jpg,manF_manb,
Seunghyuk_manF_manb_150.jpg,manF_manb,
Seunghyuk_manF_manc_30.jpg,manF_manc,
Seunghyuk_manF_manc_60.jpg,manF_manc,
Seunghyuk_manF_manc_90.jpg,manF_manc,
Seunghyuk_manF_manc_120.jpg,manF_manc,
Seunghyuk_manF_manc_150.jpg,manF_manc,
Seunghyuk_manF_mand_30.jpg,manF_mand,
Seunghyuk_manF_mand_60.jpg,manF_mand,
Seunghyuk_manF_mand_90.jpg,manF_mand,
Seunghyuk_manF_mand_120.jpg,manF_mand,
Seunghyuk_manF_mand_150.jpg,manF_mand,
Seunghyuk_manF_mane_30.jpg,manF_mane,
Seunghyuk_manF_mane_60.jpg,manF_mane,
Seunghyuk_manF_mane_90.jpg,manF_mane,
Seunghyuk_manF_mane_120.jpg,manF_mane,
Seunghyuk_manF_mane_150.jpg,manF_mane,
Seunghyuk_manF_manf_30.jpg,manF_manf,
Seunghyuk_manF_manf_60.jpg,manF_manf,
Seunghyuk_manF_manf_90.jpg,manF_manf,
Seunghyuk_manF_manf_120.jpg,manF_manf,
Seunghyuk_manF_manf_150.jpg,manF_manf,
Seunghyuk_manF_mang_30.jpg,manF_mang,
Seunghyuk_manF_mang_60.jpg,manF_mang,
Seunghyuk_manF_mang_90.jpg,manF_mang,
Seunghyuk_manF_mang_120.jpg,manF_mang,
Seunghyuk_manF_mang_150.jpg,manF_mang,
Seunghyuk_manF_manh_30.jpg,manF_manh,
Seunghyuk_manF_manh_60.jpg,manF_manh,
Seunghyuk_manF_manh_90.jpg,manF_manh,
Seunghyuk_manF_manh_120.jpg,manF_manh,
Seunghyuk_manF_manh_150.jpg,manF_manh,
Seunghyuk_manF_mani_30.jpg,manF_mani,
Seunghyuk_manF_mani_60.jpg,manF_mani,
Seunghyuk_manF_mani_90.jpg,manF_mani,
Seunghyuk_manF_mani_120.jpg,manF_mani,
Seunghyuk_manF_mani_150.jpg,manF_mani,
Seunghyuk_manG_mana_30.jpg,manG_mana,
Seunghyuk_manG_mana_60.jpg,manG_mana,
Seunghyuk_manG_mana_90.jpg,manG_mana,
Seunghyuk_manG_mana_120.jpg,manG_mana,
Seunghyuk_manG_mana_150.jpg,manG_mana,
Seunghyuk_manG_manb_30.jpg,manG_manb,
Seunghyuk_manG_manb_60.jpg,manG_manb,
Seunghyuk_manG_manb_90.jpg,manG_manb,
Seunghyuk_manG_manb_120.jpg,manG_manb,
Seunghyuk_manG_manb_150.jpg,manG_manb,
Seunghyuk_manG_manc_30.jpg,manG_manc,
Seunghyuk_manG_manc_60.jpg,manG_manc,
Seunghyuk_manG_manc_90.jpg,manG_manc,
Seunghyuk_manG_manc_120.jpg,manG_manc,
Seunghyuk_manG_manc_150.jpg,manG_manc,
Seunghyuk_manG_mand_30.jpg,manG_mand,
Seunghyuk_manG_mand_60.jpg,manG_mand,
Seunghyuk_manG_mand_90.jpg,manG_mand,
Seunghyuk_manG_mand_120.jpg,manG_mand,
Seunghyuk_manG_mand_150.jpg,manG_mand,
Seunghyuk_manG_mane_30.jpg,manG_mane,
Seunghyuk_manG_mane_60.jpg,manG_mane,
Seunghyuk_manG_mane_90.jpg,manG_mane,
Seunghyuk_manG_mane_120.jpg,manG_mane,
Seunghyuk_manG_mane_150.jpg,manG_mane,
Seunghyuk_manG_manf_30.jpg,manG_manf,
Seunghyuk_manG_manf_60.jpg,manG_manf,
Seunghyuk_manG_manf_90.jpg,manG_manf,
Seunghyuk_manG_manf_120.jpg,manG_manf,
Seunghyuk_manG_manf_150.jpg,manG_manf,
Seunghyuk_manG_mang_30.jpg,manG_mang,
Seunghyuk_manG_mang_60.jpg,manG_mang,
Seunghyuk_manG_mang_90.jpg,manG_mang,
Seunghyuk_manG_mang_120.jpg,manG_mang,
Seunghyuk_manG_mang_150.jpg,manG_mang,
Seunghyuk_manG_manh_30.jpg,manG_manh,
Seunghyuk_manG_manh_60.jpg,manG_manh,
Seunghyuk_manG_manh_90.jpg,manG_manh,
Seunghyuk_manG_manh_120.jpg,manG_manh,
Seunghyuk_manG_manh_150.jpg,manG_manh,
Seunghyuk_manG_mani_30.jpg,manG_mani,
Seunghyuk_manG_mani_60.jpg,manG_mani,
Seunghyuk_manG_mani_90.jpg,manG_mani,
Seunghyuk_manG_mani_120.jpg,manG_mani,
Seunghyuk_manG_mani_150.jpg,manG_mani,
Seunghyuk_manH_mana_30.jpg,manH_mana,
Seunghyuk_manH_mana_60.jpg,manH_mana,
Seunghyuk_manH_mana_90.jpg,manH_mana,
Seunghyuk_manH_mana_120.jpg,manH_mana,
Seunghyuk_manH_mana_150.jpg,manH_mana,
Seunghyuk_manH_manb_30.jpg,manH_manb,
Seunghyuk_manH_manb_60.jpg,manH_manb,
Seunghyuk_manH_manb_90.jpg,manH_manb,
Seunghyuk_manH_manb_120.jpg,manH_manb,
Seunghyuk_manH_manb_150.jpg,manH_manb,
Seunghyuk_manH_manc_30.jpg,manH_manc,
Seunghyuk_manH_manc_60.jpg,manH_manc,
Seunghyuk_manH_manc_90.jpg,manH_manc,
Seunghyuk_manH_manc_120.jpg,manH_manc,
Seunghyuk_manH_manc_150.jpg,manH_manc,
Seunghyuk_manH_mand_30.jpg,manH_mand,
Seunghyuk_manH_mand_60.jpg,manH_mand,
Seunghyuk_manH_mand_90.jpg,manH_mand,
Seunghyuk_manH_mand_120.jpg,manH_mand,
Seunghyuk_manH_mand_150.jpg,manH_mand,
Seunghyuk_manH_mane_30.jpg,manH_mane,
Seunghyuk_manH_mane_60.jpg,manH_mane,
Seunghyuk_manH_mane_90.jpg,manH_mane,
Seunghyuk_manH_mane_120.jpg,manH_mane,
Seunghyuk_manH_mane_150.jpg,manH_mane,
Seunghyuk_manH_manf_30.jpg,manH_manf,
Seunghyuk_manH_manf_60.jpg,manH_manf,
Seunghyuk_manH_manf_90.jpg,manH_manf,
Seunghyuk_manH_manf_120.jpg,manH_manf,
Seunghyuk_manH_manf_150.jpg,manH_manf,
Seunghyuk_manH_mang_30.jpg,manH_mang,
Seunghyuk_manH_mang_60.jpg,manH_mang,
Seunghyuk_manH_mang_90.jpg,manH_mang,
Seunghyuk_manH_mang_120.jpg,manH_mang,
Seunghyuk_manH_mang_150.jpg,manH_mang,
Seunghyuk_manH_manh_30.jpg,manH_manh,
Seunghyuk_manH_manh_60.jpg,manH_manh,
Seunghyuk_manH_manh_90.jpg,manH_manh,
Seunghyuk_manH_manh_120.jpg,manH_manh,
Seunghyuk_manH_manh_150.jpg,manH_manh,
Seunghyuk_manH_mani_30.jpg,manH_mani,
Seunghyuk_manH_mani_60.jpg,manH_mani,
Seunghyuk_manH_mani_90.jpg,manH_mani,
Seunghyuk_manH_mani_120.jpg,manH_mani,
Seunghyuk_manH_mani_150.jpg,manH_mani,
Seunghyuk_manI_mana_30.jpg,manI_mana,
Seunghyuk_manI_mana_60.jpg,manI_mana,
Seunghyuk_manI_mana_90.jpg,manI_mana,
Seunghyuk_manI_mana_120.jpg,manI_mana,
Seunghyuk_manI_mana_150.jpg,manI_mana,
Seunghyuk_manI_manb_30.jpg,manI_manb,
Seunghyuk_manI_manb_60.jpg,manI_manb,
Seunghyuk_manI_manb_90.jpg,manI_manb,
Seunghyuk_manI_manb_120.jpg,manI_manb,
Seunghyuk_manI_manb_150.jpg,manI_manb,
Seunghyuk_manI_manc_30.jpg,manI_manc,
Seunghyuk_manI_manc_60.jpg,manI_manc,
Seunghyuk_manI_manc_90.jpg,manI_manc,
Seunghyuk_manI_manc_120.jpg,manI_manc,
Seunghyuk_manI_manc_150.jpg,manI_manc,
Seunghyuk_manI_mand_30.jpg,manI_mand,
Seunghyuk_manI_mand_60.jpg,manI_mand,
Seunghyuk_manI_mand_90.jpg,manI_mand,
Seunghyuk_manI_mand_120.jpg,manI_mand,
Seunghyuk_manI_mand_150.jpg,manI_mand,
Seunghyuk_manI_mane_30.jpg,manI_mane,
Seunghyuk_manI_mane_60.jpg,manI_mane,
Seunghyuk_manI_mane_90.jpg,manI_mane,
Seunghyuk_manI_mane_120.jpg,manI_mane,
Seunghyuk_manI_mane_150.jpg,manI_mane,
Seunghyuk_manI_manf_30.jpg,manI_manf,
Seunghyuk_manI_manf_60.jpg,manI_manf,
Seunghyuk_manI_manf_90.jpg,manI_manf,
Seunghyuk_manI_manf_120.jpg,manI_manf,
Seunghyuk_manI_manf_150.jpg,manI_manf,
Seunghyuk_manI_mang_30.jpg,manI_mang,
Seunghyuk_manI_mang_60.jpg,manI_mang,
Seunghyuk_manI_mang_90.jpg,manI_mang,
Seunghyuk_manI_mang_120.jpg,manI_mang,
Seunghyuk_manI_mang_150.jpg,manI_mang,
Seunghyuk_manI_manh_30.jpg,manI_manh,
Seunghyuk_manI_manh_60.jpg,manI_manh,
Seunghyuk_manI_manh_90.jpg,manI_manh,
Seunghyuk_manI_manh_120.jpg,manI_manh,
Seunghyuk_manI_manh_150.jpg,manI_manh,
Seunghyuk_manI_mani_30.jpg,manI_mani,
Seunghyuk_manI_mani_60.jpg,manI_mani,
Seunghyuk_manI_mani_90.jpg,manI_mani,
Seunghyuk_manI_mani_120.jpg,manI_mani,
Seunghyuk_manI_mani_150.jpg,manI_mani,
Mingun_manA_mana_30.jpg,manA_mana,
Mingun_manA_mana_60.jpg,manA_mana,
Mingun_manA_mana_90.jpg,manA_mana,
Mingun_manA_mana_120.jpg,manA_mana,
Mingun_manA_mana_150.jpg,manA_mana,
Mingun_manA_manb_30.jpg,manA_manb,
Mingun_manA_manb_60.jpg,manA_manb,
Mingun_manA_manb_90.jpg,manA_manb,
Mingun_manA_manb_120.jpg,manA_manb,
Mingun_manA_manb_150.jpg,manA_manb,
Mingun_manA_manc_30.jpg,manA_manc,
Mingun_manA_manc_60.jpg,manA_manc,
Mingun_manA_manc_90.jpg,manA_manc,
Mingun_manA_manc_120.jpg,manA_manc,
Mingun_manA_manc_150.jpg,manA_manc,
Mingun_manA_mand_30.jpg,manA_mand,
Mingun_manA_mand_60.jpg,manA_mand,
Mingun_manA_mand_90.jpg,manA_mand,
Mingun_manA_mand_120.jpg,manA_mand,
Mingun_manA_mand_150.jpg,manA_mand,
Mingun_manA_mane_30.jpg,manA_mane,
Mingun_manA_mane_60.jpg,manA_mane,
Mingun_manA_mane_90.jpg,manA_mane,
Mingun_manA_mane_120.jpg,manA_mane,
Mingun_manA_mane_150.jpg,manA_mane,
Mingun_manA_manf_30.jpg,manA_manf,
Mingun_manA_manf_60.jpg,manA_manf,
Mingun_manA_manf_90.jpg,manA_manf,
Mingun_manA_manf_120.jpg,manA_manf,
Mingun_manA_manf_150.jpg,manA_manf,
Mingun_manA_mang_30.jpg,manA_mang,
Mingun_manA_mang_60.jpg,manA_mang,
Mingun_manA_mang_90.jpg,manA_mang,
Mingun_manA_mang_120.jpg,manA_mang,
Mingun_manA_mang_150.jpg,manA_mang,
Mingun_manA_manh_30.jpg,manA_manh,
Mingun_manA_manh_60.jpg,manA_manh,
Mingun_manA_manh_90.jpg,manA_manh,
Mingun_manA_manh_120.jpg,manA_manh,
Mingun_manA_manh_150.jpg,manA_manh,
Mingun_manA_mani_30.jpg,manA_mani,
Mingun_manA_mani_60.jpg,manA_mani,
Mingun_manA_mani_90.jpg,manA_mani,
Mingun_manA_mani_120.jpg,manA_mani,
Mingun_manA_mani_150.jpg,manA_mani,
Mingun_manB_mana_30.jpg,manB_mana,
Mingun_manB_mana_60.jpg,manB_mana,
Mingun_manB_mana_90.jpg,manB_mana,
Mingun_manB_mana_120.jpg,manB_mana,
Mingun_manB_mana_150.jpg,manB_mana,
Mingun_manB_manb_30.jpg,manB_manb,
Mingun_manB_manb_60.jpg,manB_manb,
Mingun_manB_manb_90.jpg,manB_manb,
Mingun_manB_manb_120.jpg,manB_manb,
Mingun_manB_manb_150.jpg,manB_manb,
Mingun_manB_manc_30.jpg,manB_manc,
Mingun_manB_manc_60.jpg,manB_manc,
Mingun_manB_manc_90.jpg,manB_manc,
Mingun_manB_manc_120.jpg,manB_manc,
Mingun_manB_manc_150.jpg,manB_manc,
Mingun_manB_mand_30.jpg,manB_mand,
Mingun_manB_mand_60.jpg,manB_mand,
Mingun_manB_mand_90.jpg,manB_mand,
Mingun_manB_mand_120.jpg,manB_mand,
Mingun_manB_mand_150.jpg,manB_mand,
Mingun_manB_mane_30.jpg,manB_mane,
Mingun_manB_mane_60.jpg,manB_mane,
Mingun_manB_mane_90.jpg,manB_mane,
Mingun_manB_mane_120.jpg,manB_mane,
Mingun_manB_mane_150.jpg,manB_mane,
Mingun_manB_manf_30.jpg,manB_manf,
Mingun_manB_manf_60.jpg,manB_manf,
Mingun_manB_manf_90.jpg,manB_manf,
Mingun_manB_manf_120.jpg,manB_manf,
Mingun_manB_manf_150.jpg,manB_manf,
Mingun_manB_mang_30.jpg,manB_mang,
Mingun_manB_mang_60.jpg,manB_mang,
Mingun_manB_mang_90.jpg,manB_mang,
Mingun_manB_mang_120.jpg,manB_mang,
Mingun_manB_mang_150.jpg,manB_mang,
Mingun_manB_manh_30.jpg,manB_manh,
Mingun_manB_manh_60.jpg,manB_manh,
Mingun_manB_manh_90.jpg,manB_manh,
Mingun_manB_manh_120.jpg,manB_manh,
Mingun_manB_manh_150.jpg,manB_manh,
Mingun_manB_mani_30.jpg,manB_mani,
Mingun_manB_mani_60.jpg,manB_mani,
Mingun_manB_mani_90.jpg,manB_mani,
Mingun_manB_mani_120.jpg,manB_mani,
Mingun_manB_mani_150.jpg,manB_mani,
Mingun_manC_mana_30.jpg,manC_mana,
Mingun_manC_mana_60.jpg,manC_mana,
Mingun_manC_mana_90.jpg,manC_mana,
Mingun_manC_mana_120.jpg,manC_mana,
Mingun_manC_mana_150.jpg,manC_mana,
Mingun_manC_manb_30.jpg,manC_manb,
Mingun_manC_manb_60.jpg,manC_manb,
Mingun_manC_manb_90.jpg,manC_manb,
Mingun_manC_manb_120.jpg,manC_manb,
Mingun_manC_manb_150.jpg,manC_manb,
Mingun_manC_manc_30.jpg,manC_manc,
Mingun_manC_manc_60.jpg,manC_manc,
Mingun_manC_manc_90.jpg,manC_manc,
Mingun_manC_manc_120.jpg,manC_manc,
Mingun_manC_manc_150.jpg,manC_manc,
Mingun_manC_mand_30.jpg,manC_mand,
Mingun_manC_mand_60.jpg,manC_mand,
Mingun_manC_mand_90.jpg,manC_mand,
Mingun_manC_mand_120.jpg,manC_mand,
Mingun_manC_mand_150.jpg,manC_mand,
Mingun_manC_mane_30.jpg,manC_mane,
Mingun_manC_mane_60.jpg,manC_mane,
Mingun_manC_mane_90.jpg,manC_mane,
Mingun_manC_mane_120.jpg,manC_mane,
Mingun_manC_mane_150.jpg,manC_mane,
Mingun_manC_manf_30.jpg,manC_manf,
Mingun_manC_manf_60.jpg,manC_manf,
Mingun_manC_manf_90.jpg,manC_manf,
Mingun_manC_manf_120.jpg,manC_manf,
Mingun_manC_manf_150.jpg,manC_manf,
Mingun_manC_mang_30.jpg,manC_mang,
Mingun_manC_mang_60.jpg,manC_mang,
Mingun_manC_mang_90.jpg,manC_mang,
Mingun_manC_mang_120.jpg,manC_mang,
Mingun_manC_mang_150.jpg,manC_mang,
Mingun_manC_manh_30.jpg,manC_manh,
Mingun_manC_manh_60.jpg,manC_manh,
Mingun_manC_manh_90.jpg,manC_manh,
Mingun_manC_manh_120.jpg,manC_manh,
Mingun_manC_manh_150.jpg,manC_manh,
Mingun_manC_mani_30.jpg,manC_mani,
Mingun_manC_mani_60.jpg,manC_mani,
Mingun_manC_mani_90.jpg,manC_mani,
Mingun_manC_mani_120.jpg,manC_mani,
Mingun_manC_mani_150.jpg,manC_mani,
Mingun_manD_mana_30.jpg,manD_mana,
Mingun_manD_mana_60.jpg,manD_mana,
Mingun_manD_mana_90.jpg,manD_mana,
Mingun_manD_mana_120.jpg,manD_mana,
Mingun_manD_mana_150.jpg,manD_mana,
Mingun_manD_manb_30.jpg,manD_manb,
Mingun_manD_manb_60.jpg,manD_manb,
Mingun_manD_manb_90.jpg,manD_manb,
Mingun_manD_manb_120.jpg,manD_manb,
Mingun_manD_manb_150.jpg,manD_manb,
Mingun_manD_manc_30.jpg,manD_manc,
Mingun_manD_manc_60.jpg,manD_manc,
Mingun_manD_manc_90.jpg,manD_manc,
Mingun_manD_manc_120.jpg,manD_manc,
Mingun_manD_manc_150.jpg,manD_manc,
Mingun_manD_mand_30.jpg,manD_mand,
Mingun_manD_mand_60.jpg,manD_mand,
Mingun_manD_mand_90.jpg,manD_mand,
Mingun_manD_mand_120.jpg,manD_mand,
Mingun_manD_mand_150.jpg,manD_mand,
Mingun_manD_mane_30.jpg,manD_mane,
Mingun_manD_mane_60.jpg,manD_mane,
Mingun_manD_mane_90.jpg,manD_mane,
Mingun_manD_mane_120.jpg,manD_mane,
Mingun_manD_mane_150.jpg,manD_mane,
Mingun_manD_manf_30.jpg,manD_manf,
Mingun_manD_manf_60.jpg,manD_manf,
Mingun_manD_manf_90.jpg,manD_manf,
Mingun_manD_manf_120.jpg,manD_manf,
Mingun_manD_manf_150.jpg,manD_manf,
Mingun_manD_mang_30.jpg,manD_mang,
Mingun_manD_mang_60.jpg,manD_mang,
Mingun_manD_mang_90.jpg,manD_mang,
Mingun_manD_mang_120.jpg,manD_mang,
Mingun_manD_mang_150.jpg,manD_mang,
Mingun_manD_manh_30.jpg,manD_manh,
Mingun_manD_manh_60.jpg,manD_manh,
Mingun_manD_manh_90.jpg,manD_manh,
Mingun_manD_manh_120.jpg,manD_manh,
Mingun_manD_manh_150.jpg,manD_manh,
Mingun_manD_mani_30.jpg,manD_mani,
Mingun_manD_mani_60.jpg,manD_mani,
Mingun_manD_mani_90.jpg,manD_mani,
Mingun_manD_mani_120.jpg,manD_mani,
Mingun_manD_mani_150.jpg,manD_mani,
Mingun_manE_mana_30.jpg,manE_mana,
Mingun_manE_mana_60.jpg,manE_mana,
Mingun_manE_mana_90.jpg,manE_mana,
Mingun_manE_mana_120.jpg,manE_mana,
Mingun_manE_mana_150.jpg,manE_mana,
Mingun_manE_manb_30.jpg,manE_manb,
Mingun_manE_manb_60.jpg,manE_manb,
Mingun_manE_manb_90.jpg,manE_manb,
Mingun_manE_manb_120.jpg,manE_manb,
Mingun_manE_manb_150.jpg,manE_manb,
Mingun_manE_manc_30.jpg,manE_manc,
Mingun_manE_manc_60.jpg,manE_manc,
Mingun_manE_manc_90.jpg,manE_manc,
Mingun_manE_manc_120.jpg,manE_manc,
Mingun_manE_manc_150.jpg,manE_manc,
Mingun_manE_mand_30.jpg,manE_mand,
Mingun_manE_mand_60.jpg,manE_mand,
Mingun_manE_mand_90.jpg,manE_mand,
Mingun_manE_mand_120.jpg,manE_mand,
Mingun_manE_mand_150.jpg,manE_mand,
Mingun_manE_mane_30.jpg,manE_mane,
Mingun_manE_mane_60.jpg,manE_mane,
Mingun_manE_mane_90.jpg,manE_mane,
Mingun_manE_mane_120.jpg,manE_mane,
Mingun_manE_mane_150.jpg,manE_mane,
Mingun_manE_manf_30.jpg,manE_manf,
Mingun_manE_manf_60.jpg,manE_manf,
Mingun_manE_manf_90.jpg,manE_manf,
Mingun_manE_manf_120.jpg,manE_manf,
Mingun_manE_manf_150.jpg,manE_manf,
Mingun_manE_mang_30.jpg,manE_mang,
Mingun_manE_mang_60.jpg,manE_mang,
Mingun_manE_mang_90.jpg,manE_mang,
Mingun_manE_mang_120.jpg,manE_mang,
Mingun_manE_mang_150.jpg,manE_mang,
Mingun_manE_manh_30.jpg,manE_manh,
Mingun_manE_manh_60.jpg,manE_manh,
Mingun_manE_manh_90.jpg,manE_manh,
Mingun_manE_manh_120.jpg,manE_manh,
Mingun_manE_manh_150.jpg,manE_manh,
Mingun_manE_mani_30.jpg,manE_mani,
Mingun_manE_mani_60.jpg,manE_mani,
Mingun_manE_mani_90.jpg,manE_mani,
Mingun_manE_mani_120.jpg,manE_mani,
Mingun_manE_mani_150.jpg,manE_mani,
Mingun_manF_mana_30.jpg,manF_mana,
Mingun_manF_mana_60.jpg,manF_mana,
Mingun_manF_mana_90.jpg,manF_mana,
Mingun_manF_mana_120.jpg,manF_mana,
Mingun_manF_mana_150.jpg,manF_mana,
Mingun_manF_manb_30.jpg,manF_manb,
Mingun_manF_manb_60.jpg,manF_manb,
Mingun_manF_manb_90.jpg,manF_manb,
Mingun_manF_manb_120.jpg,manF_manb,
Mingun_manF_manb_150.jpg,manF_manb,
Mingun_manF_manc_30.jpg,manF_manc,
Mingun_manF_manc_60.jpg,manF_manc,
Mingun_manF_manc_90.jpg,manF_manc,
Mingun_manF_manc_120.jpg,manF_manc,
Mingun_manF_manc_150.jpg,manF_manc,
Mingun_manF_mand_30.jpg,manF_mand,
Mingun_manF_mand_60.jpg,manF_mand,
Mingun_manF_mand_90.jpg,manF_mand,
Mingun_manF_mand_120.jpg,manF_mand,
Mingun_manF_mand_150.jpg,manF_mand,
Mingun_manF_mane_30.jpg,manF_mane,
Mingun_manF_mane_60.jpg,manF_mane,
Mingun_manF_mane_90.jpg,manF_mane,
Mingun_manF_mane_120.jpg,manF_mane,
Mingun_manF_mane_150.jpg,manF_mane,
Mingun_manF_manf_30.jpg,manF_manf,
Mingun_manF_manf_60.jpg,manF_manf,
Mingun_manF_manf_90.jpg,manF_manf,
Mingun_manF_manf_120.jpg,manF_manf,
Mingun_manF_manf_150.jpg,manF_manf,
Mingun_manF_mang_30.jpg,manF_mang,
Mingun_manF_mang_60.jpg,manF_mang,
Mingun_manF_mang_90.jpg,manF_mang,
Mingun_manF_mang_120.jpg,manF_mang,
Mingun_manF_mang_150.jpg,manF_mang,
Mingun_manF_manh_30.jpg,manF_manh,
Mingun_manF_manh_60.jpg,manF_manh,
Mingun_manF_manh_90.jpg,manF_manh,
Mingun_manF_manh_120.jpg,manF_manh,
Mingun_manF_manh_150.jpg,manF_manh,
Mingun_manF_mani_30.jpg,manF_mani,
Mingun_manF_mani_60.jpg,manF_mani,
Mingun_manF_mani_90.jpg,manF_mani,
Mingun_manF_mani_120.jpg,manF_mani,
Mingun_manF_mani_150.jpg,manF_mani,
Mingun_manG_mana_30.jpg,manG_mana,
Mingun_manG_mana_60.jpg,manG_mana,
Mingun_manG_mana_90.jpg,manG_mana,
Mingun_manG_mana_120.jpg,manG_mana,
Mingun_manG_mana_150.jpg,manG_mana,
Mingun_manG_manb_30.jpg,manG_manb,
Mingun_manG_manb_60.jpg,manG_manb,
Mingun_manG_manb_90.jpg,manG_manb,
Mingun_manG_manb_120.jpg,manG_manb,
Mingun_manG_manb_150.jpg,manG_manb,
Mingun_manG_manc_30.jpg,manG_manc,
Mingun_manG_manc_60.jpg,manG_manc,
Mingun_manG_manc_90.jpg,manG_manc,
Mingun_manG_manc_120.jpg,manG_manc,
Mingun_manG_manc_150.jpg,manG_manc,
Mingun_manG_mand_30.jpg,manG_mand,
Mingun_manG_mand_60.jpg,manG_mand,
Mingun_manG_mand_90.jpg,manG_mand,
Mingun_manG_mand_120.jpg,manG_mand,
Mingun_manG_mand_150.jpg,manG_mand,
Mingun_manG_mane_30.jpg,manG_mane,
Mingun_manG_mane_60.jpg,manG_mane,
Mingun_manG_mane_90.jpg,manG_mane,
Mingun_manG_mane_120.jpg,manG_mane,
Mingun_manG_mane_150.jpg,manG_mane,
Mingun_manG_manf_30.jpg,manG_manf,
Mingun_manG_manf_60.jpg,manG_manf,
Mingun_manG_manf_90.jpg,manG_manf,
Mingun_manG_manf_120.jpg,manG_manf,
Mingun_manG_manf_150.jpg,manG_manf,
Mingun_manG_mang_30.jpg,manG_mang,
Mingun_manG_mang_60.jpg,manG_mang,
Mingun_manG_mang_90.jpg,manG_mang,
Mingun_manG_mang_120.jpg,manG_mang,
Mingun_manG_mang_150.jpg,manG_mang,
Mingun_manG_manh_30.jpg,manG_manh,
Mingun_manG_manh_60.jpg,manG_manh,
Mingun_manG_manh_90.jpg,manG_manh,
Mingun_manG_manh_120.jpg,manG_manh,
Mingun_manG_manh_150.jpg,manG_manh,
Mingun_manG_mani_30.jpg,manG_mani,
Mingun_manG_mani_60.jpg,manG_mani,
Mingun_manG_mani_90.jpg,manG_mani,
Mingun_manG_mani_120.jpg,manG_mani,
Mingun_manG_mani_150.jpg,manG_mani,
Mingun_manH_mana_30.jpg,manH_mana,
Mingun_manH_mana_60.jpg,manH_mana,
Mingun_manH_mana_90.jpg,manH_mana,
Mingun_manH_mana_120.jpg,manH_mana,
Mingun_manH_mana_150.jpg,manH_mana,
Mingun_manH_manb_30.jpg,manH_manb,
Mingun_manH_manb_60.jpg,manH_manb,
Mingun_manH_manb_90.jpg,manH_manb,
Mingun_manH_manb_120.jpg,manH_manb,
Mingun_manH_manb_150.jpg,manH_manb,
Mingun_manH_manc_30.jpg,manH_manc,
Mingun_manH_manc_60.jpg,manH_manc,
Mingun_manH_manc_90.jpg,manH_manc,
Mingun_manH_manc_120.jpg,manH_manc,
Mingun_manH_manc_150.jpg,manH_manc,
Mingun_manH_mand_30.jpg,manH_mand,
Mingun_manH_mand_60.jpg,manH_mand,
Mingun_manH_mand_90.jpg,manH_mand,
Mingun_manH_mand_120.jpg,manH_mand,
Mingun_manH_mand_150.jpg,manH_mand,
Mingun_manH_mane_30.jpg,manH_mane,
Mingun_manH_mane_60.jpg,manH_mane,
Mingun_manH_mane_90.jpg,manH_mane,
Mingun_manH_mane_120.jpg,manH_mane,
Mingun_manH_mane_150.jpg,manH_mane,
Mingun_manH_manf_30.jpg,manH_manf,
Mingun_manH_manf_60.jpg,manH_manf,
Mingun_manH_manf_90.jpg,manH_manf,
Mingun_manH_manf_120.jpg,manH_manf,
Mingun_manH_manf_150.jpg,manH_manf,
Mingun_manH_mang_30.jpg,manH_mang,
Mingun_manH_mang_60.jpg,manH_mang,
Mingun_manH_mang_90.jpg,manH_mang,
Mingun_manH_mang_120.jpg,manH_mang,
Mingun_manH_mang_150.jpg,manH_mang,
Mingun_manH_manh_30.jpg,manH_manh,
Mingun_manH_manh_60.jpg,manH_manh,
Mingun_manH_manh_90.jpg,manH_manh,
Mingun_manH_manh_120.jpg,manH_manh,
Mingun_manH_manh_150.jpg,manH_manh,
Mingun_manH_mani_30.jpg,manH_mani,
Mingun_manH_mani_60.jpg,manH_mani,
Mingun_manH_mani_90.jpg,manH_mani,
Mingun_manH_mani_120.jpg,manH_mani,
Mingun_manH_mani_150.jpg,manH_mani,
Mingun_manI_mana_30.jpg,manI_mana,
Mingun_manI_mana_60.jpg,manI_mana,
Mingun_manI_mana_90.jpg,manI_mana,
Mingun_manI_mana_120.jpg,manI_mana,
Mingun_manI_mana_150.jpg,manI_mana,
Mingun_manI_manb_30.jpg,manI_manb,
Mingun_manI_manb_60.jpg,manI_manb,
Mingun_manI_manb_90.jpg,manI_manb,
Mingun_manI_manb_120.jpg,manI_manb,
Mingun_manI_manb_150.jpg,manI_manb,
Mingun_manI_manc_30.jpg,manI_manc,
Mingun_manI_manc_60.jpg,manI_manc,
Mingun_manI_manc_90.jpg,manI_manc,
Mingun_manI_manc_120.jpg,manI_manc,
Mingun_manI_manc_150.jpg,manI_manc,
Mingun_manI_mand_30.jpg,manI_mand,
Mingun_manI_mand_60.jpg,manI_mand,
Mingun_manI_mand_90.jpg,manI_mand,
Mingun_manI_mand_120.jpg,manI_mand,
Mingun_manI_mand_150.jpg,manI_mand,
Mingun_manI_mane_30.jpg,manI_mane,
Mingun_manI_mane_60.jpg,manI_mane,
Mingun_manI_mane_90.jpg,manI_mane,
Mingun_manI_mane_120.jpg,manI_mane,
Mingun_manI_mane_150.jpg,manI_mane,
Mingun_manI_manf_30.jpg,manI_manf,
Mingun_manI_manf_60.jpg,manI_manf,
Mingun_manI_manf_90.jpg,manI_manf,
Mingun_manI_manf_120.jpg,manI_manf,
Mingun_manI_manf_150.jpg,manI_manf,
Mingun_manI_mang_30.jpg,manI_mang,
Mingun_manI_mang_60.jpg,manI_mang,
Mingun_manI_mang_90.jpg,manI_mang,
Mingun_manI_mang_120.jpg,manI_mang,
Mingun_manI_mang_150.jpg,manI_mang,
Mingun_manI_manh_30.jpg,manI_manh,
Mingun_manI_manh_60.jpg,manI_manh,
Mingun_manI_manh_90.jpg,manI_manh,
Mingun_manI_manh_120.jpg,manI_manh,
Mingun_manI_manh_150.jpg,manI_manh,
Mingun_manI_mani_30.jpg,manI_mani,
Mingun_manI_mani_60.jpg,manI_mani,
Mingun_manI_mani_90.jpg,manI_mani,
Mingun_manI_mani_120.jpg,manI_mani,
Mingun_manI_mani_150.jpg,manI_mani,
Taeyoung_womanA_womana_30.jpg,womanA_womana,
Taeyoung_womanA_womana_60.jpg,womanA_womana,
Taeyoung_womanA_womana_90.jpg,womanA_womana,
Taeyoung_womanA_womana_120.jpg,womanA_womana,
Taeyoung_womanA_womana_150.jpg,womanA_womana,
Taeyoung_womanA_womanb_30.jpg,womanA_womanb,
Taeyoung_womanA_womanb_60.jpg,womanA_womanb,
Taeyoung_womanA_womanb_90.jpg,womanA_womanb,
Taeyoung_womanA_womanb_120.jpg,womanA_womanb,
Taeyoung_womanA_womanb_150.jpg,womanA_womanb,
Taeyoung_womanA_womanc_30.jpg,womanA_womanc,
Taeyoung_womanA_womanc_60.jpg,womanA_womanc,
Taeyoung_womanA_womanc_90.jpg,womanA_womanc,
Taeyoung_womanA_womanc_120.jpg,womanA_womanc,
Taeyoung_womanA_womanc_150.jpg,womanA_womanc,
Taeyoung_womanA_womand_30.jpg,womanA_womand,
Taeyoung_womanA_womand_60.jpg,womanA_womand,
Taeyoung_womanA_womand_90.jpg,womanA_womand,
Taeyoung_womanA_womand_120.jpg,womanA_womand,
Taeyoung_womanA_womand_150.jpg,womanA_womand,
Taeyoung_womanA_womane_30.jpg,womanA_womane,
Taeyoung_womanA_womane_60.jpg,womanA_womane,
Taeyoung_womanA_womane_90.jpg,womanA_womane,
Taeyoung_womanA_womane_120.jpg,womanA_womane,
Taeyoung_womanA_womane_150.jpg,womanA_womane,
Taeyoung_womanA_womanf_30.jpg,womanA_womanf,
Taeyoung_womanA_womanf_60.jpg,womanA_womanf,
Taeyoung_womanA_womanf_90.jpg,womanA_womanf,
Taeyoung_womanA_womanf_120.jpg,womanA_womanf,
Taeyoung_womanA_womanf_150.jpg,womanA_womanf,
Taeyoung_womanB_womana_30.jpg,womanB_womana,
Taeyoung_womanB_womana_60.jpg,womanB_womana,
Taeyoung_womanB_womana_90.jpg,womanB_womana,
Taeyoung_womanB_womana_120.jpg,womanB_womana,
Taeyoung_womanB_womana_150.jpg,womanB_womana,
Taeyoung_womanB_womanb_30.jpg,womanB_womanb,
Taeyoung_womanB_womanb_60.jpg,womanB_womanb,
Taeyoung_womanB_womanb_90.jpg,womanB_womanb,
Taeyoung_womanB_womanb_120.jpg,womanB_womanb,
Taeyoung_womanB_womanb_150.jpg,womanB_womanb,
Taeyoung_womanB_womanc_30.jpg,womanB_womanc,
Taeyoung_womanB_womanc_60.jpg,womanB_womanc,
Taeyoung_womanB_womanc_90.jpg,womanB_womanc,
Taeyoung_womanB_womanc_120.jpg,womanB_womanc,
Taeyoung_womanB_womanc_150.jpg,womanB_womanc,
Taeyoung_womanB_womand_30.jpg,womanB_womand,
Taeyoung_womanB_womand_60.jpg,womanB_womand,
Taeyoung_womanB_womand_90.jpg,womanB_womand,
Taeyoung_womanB_womand_120.jpg,womanB_womand,
Taeyoung_womanB_womand_150.jpg,womanB_womand,
Taeyoung_womanB_womane_30.jpg,womanB_womane,
Taeyoung_womanB_womane_60.jpg,womanB_womane,
Taeyoung_womanB_womane_90.jpg,womanB_womane,
Taeyoung_womanB_womane_120.jpg,womanB_womane,
Taeyoung_womanB_womane_150.jpg,womanB_womane,
Taeyoung_womanB_womanf_30.jpg,womanB_womanf,
Taeyoung_womanB_womanf_60.jpg,womanB_womanf,
Taeyoung_womanB_womanf_90.jpg,womanB_womanf,
Taeyoung_womanB_womanf_120.jpg,womanB_womanf,
Taeyoung_womanB_womanf_150.jpg,womanB_womanf,
Taeyoung_womanC_womana_30.jpg,womanC_womana,
Taeyoung_womanC_womana_60.jpg,womanC_womana,
Taeyoung_womanC_womana_90.jpg,womanC_womana,
Taeyoung_womanC_womana_120.jpg,womanC_womana,
Taeyoung_womanC_womana_150.jpg,womanC_womana,
Taeyoung_womanC_womanb_30.jpg,womanC_womanb,
Taeyoung_womanC_womanb_60.jpg,womanC_womanb,
Taeyoung_womanC_womanb_90.jpg,womanC_womanb,
Taeyoung_womanC_womanb_120.jpg,womanC_womanb,
Taeyoung_womanC_womanb_150.jpg,womanC_womanb,
Taeyoung_womanC_womanc_30.jpg,womanC_womanc,
Taeyoung_womanC_womanc_60.jpg,womanC_womanc,
Taeyoung_womanC_womanc_90.jpg,womanC_womanc,
Taeyoung_womanC_womanc_120.jpg,womanC_womanc,
Taeyoung_womanC_womanc_150.jpg,womanC_womanc,
Taeyoung_womanC_womand_30.jpg,womanC_womand,
Taeyoung_womanC_womand_60.jpg,womanC_womand,
Taeyoung_womanC_womand_90.jpg,womanC_womand,
Taeyoung_womanC_womand_120.jpg,womanC_womand,
Taeyoung_womanC_womand_150.jpg,womanC_womand,
Taeyoung_womanC_womane_30.jpg,womanC_womane,
Taeyoung_womanC_womane_60.jpg,womanC_womane,
Taeyoung_womanC_womane_90.jpg,womanC_womane,
Taeyoung_womanC_womane_120.jpg,womanC_womane,
Taeyoung_womanC_womane_150.jpg,womanC_womane,
Taeyoung_womanC_womanf_30.jpg,womanC_womanf,
Taeyoung_womanC_womanf_60.jpg,womanC_womanf,
Taeyoung_womanC_womanf_90.jpg,womanC_womanf,
Taeyoung_womanC_womanf_120.jpg,womanC_womanf,
Taeyoung_womanC_womanf_150.jpg,womanC_womanf,
Taeyoung_womanD_womana_30.jpg,womanD_womana,
Taeyoung_womanD_womana_60.jpg,womanD_womana,
Taeyoung_womanD_womana_90.jpg,womanD_womana,
Taeyoung_womanD_womana_120.jpg,womanD_womana,
Taeyoung_womanD_womana_150.jpg,womanD_womana,
Taeyoung_womanD_womanb_30.jpg,womanD_womanb,
Taeyoung_womanD_womanb_60.jpg,womanD_womanb,
Taeyoung_womanD_womanb_90.jpg,womanD_womanb,
Taeyoung_womanD_womanb_120.jpg,womanD_womanb,
Taeyoung_womanD_womanb_150.jpg,womanD_womanb,
Taeyoung_womanD_womanc_30.jpg,womanD_womanc,
Taeyoung_womanD_womanc_60.jpg,womanD_womanc,
Taeyoung_womanD_womanc_90.jpg,womanD_womanc,
Taeyoung_womanD_womanc_120.jpg,womanD_womanc,
Taeyoung_womanD_womanc_150.jpg,womanD_womanc,
Taeyoung_womanD_womand_30.jpg,womanD_womand,
Taeyoung_womanD_womand_60.jpg,womanD_womand,
Taeyoung_womanD_womand_90.jpg,womanD_womand,
Taeyoung_womanD_womand_120.jpg,womanD_womand,
Taeyoung_womanD_womand_150.jpg,womanD_womand,
Taeyoung_womanD_womane_30.jpg,womanD_womane,
Taeyoung_womanD_womane_60.jpg,womanD_womane,
Taeyoung_womanD_womane_90.jpg,womanD_womane,
Taeyoung_womanD_womane_120.jpg,womanD_womane,
Taeyoung_womanD_womane_150.jpg,womanD_womane,
Taeyoung_womanD_womanf_30.jpg,womanD_womanf,
Taeyoung_womanD_womanf_60.jpg,womanD_womanf,
Taeyoung_womanD_womanf_90.jpg,womanD_womanf,
Taeyoung_womanD_womanf_120.jpg,womanD_womanf,
Taeyoung_womanD_womanf_150.jpg,womanD_womanf,
Taeyoung_womanE_womana_30.jpg,womanE_womana,
Taeyoung_womanE_womana_60.jpg,womanE_womana,
Taeyoung_womanE_womana_90.jpg,womanE_womana,
Taeyoung_womanE_womana_120.jpg,womanE_womana,
Taeyoung_womanE_womana_150.jpg,womanE_womana,
Taeyoung_womanE_womanb_30.jpg,womanE_womanb,
Taeyoung_womanE_womanb_60.jpg,womanE_womanb,
Taeyoung_womanE_womanb_90.jpg,womanE_womanb,
Taeyoung_womanE_womanb_120.jpg,womanE_womanb,
Taeyoung_womanE_womanb_150.jpg,womanE_womanb,
Taeyoung_womanE_womanc_30.jpg,womanE_womanc,
Taeyoung_womanE_womanc_60.jpg,womanE_womanc,
Taeyoung_womanE_womanc_90.jpg,womanE_womanc,
Taeyoung_womanE_womanc_120.jpg,womanE_womanc,
Taeyoung_womanE_womanc_150.jpg,womanE_womanc,
Taeyoung_womanE_womand_30.jpg,womanE_womand,
Taeyoung_womanE_womand_60.jpg,womanE_womand,
Taeyoung_womanE_womand_90.jpg,womanE_womand,
Taeyoung_womanE_womand_120.jpg,womanE_womand,
Taeyoung_womanE_womand_150.jpg,womanE_womand,
Taeyoung_womanE_womane_30.jpg,womanE_womane,
Taeyoung_womanE_womane_60.jpg,womanE_womane,
Taeyoung_womanE_womane_90.jpg,womanE_womane,
Taeyoung_womanE_womane_120.jpg,womanE_womane,
Taeyoung_womanE_womane_150.jpg,womanE_womane,
Taeyoung_womanE_womanf_30.jpg,womanE_womanf,
Taeyoung_womanE_womanf_60.jpg,womanE_womanf,
Taeyoung_womanE_womanf_90.jpg,womanE_womanf,
Taeyoung_womanE_womanf_120.jpg,womanE_womanf,
Taeyoung_womanE_womanf_150.jpg,womanE_womanf,
Taeyoung_womanF_womana_30.jpg,womanF_womana,
Taeyoung_womanF_womana_60.jpg,womanF_womana,
Taeyoung_womanF_womana_90.jpg,womanF_womana,
Taeyoung_womanF_womana_120.jpg,womanF_womana,
Taeyoung_womanF_womana_150.jpg,womanF_womana,
Taeyoung_womanF_womanb_30.jpg,womanF_womanb,
Taeyoung_womanF_womanb_60.jpg,womanF_womanb,
Taeyoung_womanF_womanb_90.jpg,womanF_womanb,
Taeyoung_womanF_womanb_120.jpg,womanF_womanb,
Taeyoung_womanF_womanb_150.jpg,womanF_womanb,
Taeyoung_womanF_womanc_30.jpg,womanF_womanc,
Taeyoung_womanF_womanc_60.jpg,womanF_womanc,
Taeyoung_womanF_womanc_90.jpg,womanF_womanc,
Taeyoung_womanF_womanc_120.jpg,womanF_womanc,
Taeyoung_womanF_womanc_150.jpg,womanF_womanc,
Taeyoung_womanF_womand_30.jpg,womanF_womand,
Taeyoung_womanF_womand_60.jpg,womanF_womand,
Taeyoung_womanF_womand_90.jpg,womanF_womand,
Taeyoung_womanF_womand_120.jpg,womanF_womand,
Taeyoung_womanF_womand_150.jpg,womanF_womand,
Taeyoung_womanF_womane_30.jpg,womanF_womane,
Taeyoung_womanF_womane_60.jpg,womanF_womane,
Taeyoung_womanF_womane_90.jpg,womanF_womane,
Taeyoung_womanF_womane_120.jpg,womanF_womane,
Taeyoung_womanF_womane_150.jpg,womanF_womane,
Taeyoung_womanF_womanf_30.jpg,womanF_womanf,
Taeyoung_womanF_womanf_60.jpg,womanF_womanf,
Taeyoung_womanF_womanf_90.jpg,womanF_womanf,
Taeyoung_womanF_womanf_120.jpg,womanF_womanf,
Taeyoung_womanF_womanf_150.jpg,womanF_womanf,
Seohyun_womanA_womana_30.jpg,womanA_womana,
Seohyun_womanA_womana_60.jpg,womanA_womana,
Seohyun_womanA_womana_90.jpg,womanA_womana,
Seohyun_womanA_womana_120.jpg,womanA_womana,
Seohyun_womanA_womana_150.jpg,womanA_womana,
Seohyun_womanA_womanb_30.jpg,womanA_womanb,
Seohyun_womanA_womanb_60.jpg,womanA_womanb,
Seohyun_womanA_womanb_90.jpg,womanA_womanb,
Seohyun_womanA_womanb_120.jpg,womanA_womanb,
Seohyun_womanA_womanb_150.jpg,womanA_womanb,
Seohyun_womanA_womanc_30.jpg,womanA_womanc,
Seohyun_womanA_womanc_60.jpg,womanA_womanc,
Seohyun_womanA_womanc_90.jpg,womanA_womanc,
Seohyun_womanA_womanc_120.jpg,womanA_womanc,
Seohyun_womanA_womanc_150.jpg,womanA_womanc,
Seohyun_womanA_womand_30.jpg,womanA_womand,
Seohyun_womanA_womand_60.jpg,womanA_womand,
Seohyun_womanA_womand_90.jpg,womanA_womand,
Seohyun_womanA_womand_120.jpg,womanA_womand,
Seohyun_womanA_womand_150.jpg,womanA_womand,
Seohyun_womanA_womane_30.jpg,womanA_womane,
Seohyun_womanA_womane_60.jpg,womanA_womane,
Seohyun_womanA_womane_90.jpg,womanA_womane,
Seohyun_womanA_womane_120.jpg,womanA_womane,
Seohyun_womanA_womane_150.jpg,womanA_womane,
Seohyun_womanA_womanf_30.jpg,womanA_womanf,
Seohyun_womanA_womanf_60.jpg,womanA_womanf,
Seohyun_womanA_womanf_90.jpg,womanA_womanf,
Seohyun_womanA_womanf_120.jpg,womanA_womanf,
Seohyun_womanA_womanf_150.jpg,womanA_womanf,
Seohyun_womanB_womana_30.jpg,womanB_womana,
Seohyun_womanB_womana_60.jpg,womanB_womana,
Seohyun_womanB_womana_90.jpg,womanB_womana,
Seohyun_womanB_womana_120.jpg,womanB_womana,
Seohyun_womanB_womana_150.jpg,womanB_womana,
Seohyun_womanB_womanb_30.jpg,womanB_womanb,
Seohyun_womanB_womanb_60.jpg,womanB_womanb,
Seohyun_womanB_womanb_90.jpg,womanB_womanb,
Seohyun_womanB_womanb_120.jpg,womanB_womanb,
Seohyun_womanB_womanb_150.jpg,womanB_womanb,
Seohyun_womanB_womanc_30.jpg,womanB_womanc,
Seohyun_womanB_womanc_60.jpg,womanB_womanc,
Seohyun_womanB_womanc_90.jpg,womanB_womanc,
Seohyun_womanB_womanc_120.jpg,womanB_womanc,
Seohyun_womanB_womanc_150.jpg,womanB_womanc,
Seohyun_womanB_womand_30.jpg,womanB_womand,
Seohyun_womanB_womand_60.jpg,womanB_womand,
Seohyun_womanB_womand_90.jpg,womanB_womand,
Seohyun_womanB_womand_120.jpg,womanB_womand,
Seohyun_womanB_womand_150.jpg,womanB_womand,
Seohyun_womanB_womane_30.jpg,womanB_womane,
Seohyun_womanB_womane_60.jpg,womanB_womane,
Seohyun_womanB_womane_90.jpg,womanB_womane,
Seohyun_womanB_womane_120.jpg,womanB_womane,
Seohyun_womanB_womane_150.jpg,womanB_womane,
Seohyun_womanB_womanf_30.jpg,womanB_womanf,
Seohyun_womanB_womanf_60.jpg,womanB_womanf,
Seohyun_womanB_womanf_90.jpg,womanB_womanf,
Seohyun_womanB_womanf_120.jpg,womanB_womanf,
Seohyun_womanB_womanf_150.jpg,womanB_womanf,
Seohyun_womanC_womana_30.jpg,womanC_womana,
Seohyun_womanC_womana_60.jpg,womanC_womana,
Seohyun_womanC_womana_90.jpg,womanC_womana,
Seohyun_womanC_womana_120.jpg,womanC_womana,
Seohyun_womanC_womana_150.jpg,womanC_womana,
Seohyun_womanC_womanb_30.jpg,womanC_womanb,
Seohyun_womanC_womanb_60.jpg,womanC_womanb,
Seohyun_womanC_womanb_90.jpg,womanC_womanb,
Seohyun_womanC_womanb_120.jpg,womanC_womanb,
Seohyun_womanC_womanb_150.jpg,womanC_womanb,
Seohyun_womanC_womanc_30.jpg,womanC_womanc,
Seohyun_womanC_womanc_60.jpg,womanC_womanc,
Seohyun_womanC_womanc_90.jpg,womanC_womanc,
Seohyun_womanC_womanc_120.jpg,womanC_womanc,
Seohyun_womanC_womanc_150.jpg,womanC_womanc,
Seohyun_womanC_womand_30.jpg,womanC_womand,
Seohyun_womanC_womand_60.jpg,womanC_womand,
Seohyun_womanC_womand_90.jpg,womanC_womand,
Seohyun_womanC_womand_120.jpg,womanC_womand,
Seohyun_womanC_womand_150.jpg,womanC_womand,
Seohyun_womanC_womane_30.jpg,womanC_womane,
Seohyun_womanC_womane_60.jpg,womanC_womane,
Seohyun_womanC_womane_90.jpg,womanC_womane,
Seohyun_womanC_womane_120.jpg,womanC_womane,
Seohyun_womanC_womane_150.jpg,womanC_womane,
Seohyun_womanC_womanf_30.jpg,womanC_womanf,
Seohyun_womanC_womanf_60.jpg,womanC_womanf,
Seohyun_womanC_womanf_90.jpg,womanC_womanf,
Seohyun_womanC_womanf_120.jpg,womanC_womanf,
Seohyun_womanC_womanf_150.jpg,womanC_womanf,
Seohyun_womanD_womana_30.jpg,womanD_womana,
Seohyun_womanD_womana_60.jpg,womanD_womana,
Seohyun_womanD_womana_90.jpg,womanD_womana,
Seohyun_womanD_womana_120.jpg,womanD_womana,
Seohyun_womanD_womana_150.jpg,womanD_womana,
Seohyun_womanD_womanb_30.jpg,womanD_womanb,
Seohyun_womanD_womanb_60.jpg,womanD_womanb,
Seohyun_womanD_womanb_90.jpg,womanD_womanb,
Seohyun_womanD_womanb_120.jpg,womanD_womanb,
Seohyun_womanD_womanb_150.jpg,womanD_womanb,
Seohyun_womanD_womanc_30.jpg,womanD_womanc,
Seohyun_womanD_womanc_60.jpg,womanD_womanc,
Seohyun_womanD_womanc_90.jpg,womanD_womanc,
Seohyun_womanD_womanc_120.jpg,womanD_womanc,
Seohyun_womanD_womanc_150.jpg,womanD_womanc,
Seohyun_womanD_womand_30.jpg,womanD_womand,
Seohyun_womanD_womand_60.jpg,womanD_womand,
Seohyun_womanD_womand_90.jpg,womanD_womand,
Seohyun_womanD_womand_120.jpg,womanD_womand,
Seohyun_womanD_womand_150.jpg,womanD_womand,
Seohyun_womanD_womane_30.jpg,womanD_womane,
Seohyun_womanD_womane_60.jpg,womanD_womane,
Seohyun_womanD_womane_90.jpg,womanD_womane,
Seohyun_womanD_womane_120.jpg,womanD_womane,
Seohyun_womanD_womane_150.jpg,womanD_womane,
Seohyun_womanD_womanf_30.jpg,womanD_womanf,
Seohyun_womanD_womanf_60.jpg,womanD_womanf,
Seohyun_womanD_womanf_90.jpg,womanD_womanf,
Seohyun_womanD_womanf_120.jpg,womanD_womanf,
Seohyun_womanD_womanf_150.jpg,womanD_womanf,
Seohyun_womanE_womana_30.jpg,womanE_womana,
Seohyun_womanE_womana_60.jpg,womanE_womana,
Seohyun_womanE_womana_90.jpg,womanE_womana,
Seohyun_womanE_womana_120.jpg,womanE_womana,
Seohyun_womanE_womana_150.jpg,womanE_womana,
Seohyun_womanE_womanb_30.jpg,womanE_womanb,
Seohyun_womanE_womanb_60.jpg,womanE_womanb,
Seohyun_womanE_womanb_90.jpg,womanE_womanb,
Seohyun_womanE_womanb_120.jpg,womanE_womanb,
Seohyun_womanE_womanb_150.jpg,womanE_womanb,
Seohyun_womanE_womanc_30.jpg,womanE_womanc,
Seohyun_womanE_womanc_60.jpg,womanE_womanc,
Seohyun_womanE_womanc_90.jpg,womanE_womanc,
Seohyun_womanE_womanc_120.jpg,womanE_womanc,
Seohyun_womanE_womanc_150.jpg,womanE_womanc,
Seohyun_womanE_womand_30.jpg,womanE_womand,
Seohyun_womanE_womand_60.jpg,womanE_womand,
Seohyun_womanE_womand_90.jpg,womanE_womand,
Seohyun_womanE_womand_120.jpg,womanE_womand,
Seohyun_womanE_womand_150.jpg,womanE_womand,
Seohyun_womanE_womane_30.jpg,womanE_womane,
Seohyun_womanE_womane_60.jpg,womanE_womane,
Seohyun_womanE_womane_90.jpg,womanE_womane,
Seohyun_womanE_womane_120.jpg,womanE_womane,
Seohyun_womanE_womane_150.jpg,womanE_womane,
Seohyun_womanE_womanf_30.jpg,womanE_womanf,
Seohyun_womanE_womanf_60.jpg,womanE_womanf,
Seohyun_womanE_womanf_90.jpg,womanE_womanf,
Seohyun_womanE_womanf_120.jpg,womanE_womanf,
Seohyun_womanE_womanf_150.jpg,womanE_womanf,
Seohyun_womanF_womana_30.jpg,womanF_womana,
Seohyun_womanF_womana_60.jpg,womanF_womana,
Seohyun_womanF_womana_90.jpg,womanF_womana,
Seohyun_womanF_womana_120.jpg,womanF_womana,
Seohyun_womanF_womana_150.jpg,womanF_womana,
Seohyun_womanF_womanb_30.jpg,womanF_womanb,
Seohyun_womanF_womanb_60.jpg,womanF_womanb,
Seohyun_womanF_womanb_90.jpg,womanF_womanb,
Seohyun_womanF_womanb_120.jpg,womanF_womanb,
Seohyun_womanF_womanb_150.jpg,womanF_womanb,
Seohyun_womanF_womanc_30.jpg,womanF_womanc,
Seohyun_womanF_womanc_60.jpg,womanF_womanc,
Seohyun_womanF_womanc_90.jpg,womanF_womanc,
Seohyun_womanF_womanc_120.jpg,womanF_womanc,
Seohyun_womanF_womanc_150.jpg,womanF_womanc,
Seohyun_womanF_womand_30.jpg,womanF_womand,
Seohyun_womanF_womand_60.jpg,womanF_womand,
Seohyun_womanF_womand_90.jpg,womanF_womand,
Seohyun_womanF_womand_120.jpg,womanF_womand,
Seohyun_womanF_womand_150.jpg,womanF_womand,
Seohyun_womanF_womane_30.jpg,womanF_womane,
Seohyun_womanF_womane_60.jpg,womanF_womane,
Seohyun_womanF_womane_90.jpg,womanF_womane,
Seohyun_womanF_womane_120.jpg,womanF_womane,
Seohyun_womanF_womane_150.jpg,womanF_womane,
Seohyun_womanF_womanf_30.jpg,womanF_womanf,
Seohyun_womanF_womanf_60.jpg,womanF_womanf,
Seohyun_womanF_womanf_90.jpg,womanF_womanf,
Seohyun_womanF_womanf_120.jpg,womanF_womanf,
Seohyun_womanF_womanf_150.jpg,womanF_womanf,
